	Feature	Coefficient
3	progrec	0.005801449111295558
5	horTh_yes	0.00520471930588623
1	estrec	0.003462530285442158
0	age	0.002825709024799131
7	tgrade_II	0.0017396144516464839
6	menostat_Post	0.0007867979616671975
4	tsize	-0.0069446038999158395
8	tgrade_III	-0.007124338222185827
2	pnodes	-0.011089711068197493
