	Feature	Coefficient
1	bmi	0.02051825314441062
2	diasbp	0.0173450910772828
5	sysbp	0.012861943169874863
12	mitype_1	0.008008775684421012
4	los	0.005385070301546301
9	cvd_1	-0.0027324414927055846
11	miord_1	-0.004307491014166507
10	gender_1	-0.004918182493453675
7	av3_1	-0.006349830191829199
6	afb_1	-0.007658982760704311
3	hr	-0.014187652965329681
13	sho_1	-0.02250571770010222
8	chf_1	-0.02399780509987378
0	age	-0.028682220426171544
