	Feature	Coefficient
3	progrec	0.00538972000025319
5	horTh_yes	0.005148518729102525
1	estrec	0.0032526824753379515
0	age	0.00281879790781693
7	tgrade_II	0.0017295642156726716
6	menostat_Post	0.0007931025979015377
4	tsize	-0.006606819218932723
8	tgrade_III	-0.007139078802268949
2	pnodes	-0.011012390963251366
