	Feature	Coefficient
1	bmi	0.020353445003634625
2	diasbp	0.017445410465614798
5	sysbp	0.013086090108147298
12	mitype_1	0.008099854452218079
4	los	0.004696566773668148
9	cvd_1	-0.002793253246996891
11	miord_1	-0.004279109876871517
10	gender_1	-0.0049903298703757905
7	av3_1	-0.006734968783679796
6	afb_1	-0.00760494772021066
3	hr	-0.01358726511236721
13	sho_1	-0.021907266597995474
8	chf_1	-0.023950969763444126
0	age	-0.028494611003534943
