	Feature	Coefficient
1	bmi	0.020353445003634636
2	diasbp	0.0174454104656148
5	sysbp	0.013086090108147293
12	mitype_1	0.008099854452218098
4	los	0.004696566773668121
9	cvd_1	-0.0027932532469969054
11	miord_1	-0.004279109876871499
10	gender_1	-0.004990329870375793
7	av3_1	-0.006734968783679763
6	afb_1	-0.007604947720210674
3	hr	-0.013587265112367209
13	sho_1	-0.02190726659799547
8	chf_1	-0.02395096976344415
0	age	-0.028494611003534936
