	Feature	Coefficient
1	bmi	0.020353445003634684
2	diasbp	0.01744541046561479
5	sysbp	0.013086090108147297
12	mitype_1	0.008099854452218135
4	los	0.004696566773668149
9	cvd_1	-0.0027932532469969107
11	miord_1	-0.004279109876871547
10	gender_1	-0.004990329870375793
7	av3_1	-0.006734968783679767
6	afb_1	-0.007604947720210694
3	hr	-0.013587265112367202
13	sho_1	-0.021907266597995478
8	chf_1	-0.02395096976344416
0	age	-0.02849461100353493
