	Feature	Coefficient
1	bmi	0.02051825314441062
2	diasbp	0.01734509107728281
5	sysbp	0.012861943169874868
12	mitype_1	0.008008775684421023
4	los	0.0053850703015462745
9	cvd_1	-0.002732441492705634
11	miord_1	-0.004307491014166504
10	gender_1	-0.004918182493453662
7	av3_1	-0.006349830191829239
6	afb_1	-0.0076589827607043085
3	hr	-0.014187652965329695
13	sho_1	-0.02250571770010221
8	chf_1	-0.023997805099873752
0	age	-0.028682220426171568
