	Feature	Coefficient
3	progrec	0.005801454035939829
5	horTh_yes	0.005204716227654726
1	estrec	0.0034625311907527153
0	age	0.002825733275936839
7	tgrade_II	0.0017395935714082562
6	menostat_Post	0.0007867872346231053
4	tsize	-0.006944616002316801
8	tgrade_III	-0.00712433880446468
2	pnodes	-0.011089701414203668
