	Feature	Coefficient
3	progrec	0.005389720000253195
5	horTh_yes	0.005148518729102493
1	estrec	0.003252682475337959
0	age	0.0028187979078169397
7	tgrade_II	0.0017295642156727328
6	menostat_Post	0.0007931025979015433
4	tsize	-0.0066068192189327425
8	tgrade_III	-0.007139078802268943
2	pnodes	-0.011012390963251364
