	Feature	Coefficient
1	bmi	0.020518155430696242
2	diasbp	0.017344886888576577
5	sysbp	0.01286186195288429
12	mitype_1	0.008008732083209307
4	los	0.00538511209486909
9	cvd_1	-0.0027324088898015107
11	miord_1	-0.004307423115914985
10	gender_1	-0.0049181074610129705
7	av3_1	-0.006349760190900041
6	afb_1	-0.007658887485815683
3	hr	-0.014187599881414674
13	sho_1	-0.02250567026160514
8	chf_1	-0.023997726697514106
0	age	-0.028682128254348956
