	Feature	Coefficient
1	bmi	0.020518253144410692
2	diasbp	0.017345091077282805
5	sysbp	0.012861943169874877
12	mitype_1	0.008008775684420879
4	los	0.00538507030154631
9	cvd_1	-0.002732441492705582
11	miord_1	-0.004307491014166527
10	gender_1	-0.0049181824934536765
7	av3_1	-0.006349830191829226
6	afb_1	-0.007658982760704304
3	hr	-0.014187652965329686
13	sho_1	-0.02250571770010223
8	chf_1	-0.0239978050998738
0	age	-0.028682220426171547
