	Feature	Coefficient
3	progrec	0.005801449111295564
5	horTh_yes	0.005204719305886268
1	estrec	0.0034625302854421574
0	age	0.0028257090247991307
7	tgrade_II	0.0017396144516465299
6	menostat_Post	0.0007867979616671923
4	tsize	-0.006944603899915825
8	tgrade_III	-0.007124338222185838
2	pnodes	-0.011089711068197491
