	Feature	Coefficient
1	bmi	0.02035344498883668
2	diasbp	0.017445410464761172
5	sysbp	0.013086090104306237
12	mitype_1	0.008099854439159086
4	los	0.004696566766640593
9	cvd_1	-0.0027932532476557252
11	miord_1	-0.004279109877350348
10	gender_1	-0.004990329844717578
7	av3_1	-0.006734968782195078
6	afb_1	-0.007604947708769452
3	hr	-0.013587265102291851
13	sho_1	-0.021907266594624077
8	chf_1	-0.023950969754855906
0	age	-0.028494610993476204
