	Feature	Coefficient
1	bmi	0.020518234070579493
2	diasbp	0.01734503506230101
5	sysbp	0.012861903277666183
12	mitype_1	0.008008777369293174
4	los	0.005385084653410017
9	cvd_1	-0.0027324412602310532
11	miord_1	-0.004307499111198497
10	gender_1	-0.004918161049903195
7	av3_1	-0.006349820513403001
6	afb_1	-0.007658946279104824
3	hr	-0.014187631995483533
13	sho_1	-0.022505686808259498
8	chf_1	-0.02399778512768373
0	age	-0.028682194280184207
