	Feature	Coefficient
3	progrec	0.005801449111295551
5	horTh_yes	0.00520471930588626
1	estrec	0.00346253028544214
0	age	0.0028257090247991094
7	tgrade_II	0.0017396144516465567
6	menostat_Post	0.0007867979616672274
4	tsize	-0.006944603899915852
8	tgrade_III	-0.007124338222185864
2	pnodes	-0.011089711068197498
