	Feature	Coefficient
3	progrec	0.005389720000253202
5	horTh_yes	0.005148518729102537
1	estrec	0.003252682475337973
0	age	0.0028187979078169224
7	tgrade_II	0.001729564215672715
6	menostat_Post	0.0007931025979015267
4	tsize	-0.0066068192189327225
8	tgrade_III	-0.00713907880226893
2	pnodes	-0.011012390963251377
