	Feature	Coefficient
3	progrec	0.005801455536186448
5	horTh_yes	0.005204699954213063
1	estrec	0.0034625259300680006
0	age	0.002825699052264945
7	tgrade_II	0.0017396033538441835
6	menostat_Post	0.0007867900828474993
4	tsize	-0.006944609580554909
8	tgrade_III	-0.007124348696540387
2	pnodes	-0.011089694583970666
