	Feature	Coefficient
1	bmi	0.02035344499899262
2	diasbp	0.017445410464245387
5	sysbp	0.013086090101206985
12	mitype_1	0.00809985444864345
4	los	0.004696566776307198
9	cvd_1	-0.00279325325104097
11	miord_1	-0.0042791098803420125
10	gender_1	-0.004990329861142122
7	av3_1	-0.006734968775437775
6	afb_1	-0.007604947716974924
3	hr	-0.013587265102143118
13	sho_1	-0.021907266593192764
8	chf_1	-0.02395096976239563
0	age	-0.028494610995697847
